{
  "locations": [
    {
      "lat": 51.510618,
      "lon": -0.101005,
      "time": 1735693261.0
    },
    {
      "lat": 51.51011,
      "lon": -0.102718,
      "time": 1735693262.0
    },
    {
      "lat": 51.510143,
      "lon": -0.104966,
      "time": 1735693263.0
    },
    {
      "lat": 51.509532,
      "lon": -0.110226,
      "time": 1735693264.0
    },
    {
      "lat": 51.509532,
      "lon": -0.110228,
      "time": 1735693265.0
    },
    {
      "lat": 51.508724,
      "lon": -0.117191,
      "time": 1735693266.0
    },
    {
      "lat": 51.506977,
      "lon": -0.121336,
      "time": 1735693267.0
    },
    {
      "lat": 51.505167,
      "lon": -0.120893,
      "time": 1735693268.0
    }
  ]
}