{
  "id": 0,
  "user_id": 0,
  "name": "Trip name",
  "type": null,
  "visibility": 1,
  "slug": "trip-name",
  "start_date": 1735693261.00,
  "end_date": 1735693261.00,
  "is_deleted": false,
  "open_graph_id": null,
  "fb_publish_status": null,
  "total_km": 1234.00,
  "views": 1234,
  "featured": null,
  "featured_priority_for_new_users": null,
  "feature_text": null,
  "feature_date": null,
  "language": null,
  "timezone_id": "Europe/London",
  "summary": "Lorem ipsum dolor sit amet.",
  "cover_photo_path": "https://polarsteps.s3.amazonaws.com/user_images/trip/large_thumb/u_0000000/00000000-0000-0000-0000-000000000000_00000000-0000-0000-0000-000000000000.jpg",
  "cover_photo_thumb_path": "https://polarsteps.s3.amazonaws.com/user_images/trip/small_thumb/u_0000000/00000000-0000-0000-0000-000000000000_00000000-0000-0000-0000-000000000000.jpg",
  "cover_photo": {
    "id": 0,
    "path": "https://polarsteps.s3.amazonaws.com/user_images/trip/full_res/u_0000000/00000000-0000-0000-0000-000000000000_00000000-0000-0000-0000-000000000000.jpg",
    "large_thumbnail_path": "https://polarsteps.s3.amazonaws.com/user_images/trip/large_thumb/u_0000000/00000000-0000-0000-0000-000000000000_00000000-0000-0000-0000-000000000000.jpg",
    "small_thumbnail_path": "https://polarsteps.s3.amazonaws.com/user_images/trip/small_thumb/u_0000000/00000000-0000-0000-0000-000000000000_00000000-0000-0000-0000-000000000000.jpg",
    "type": 1,
    "media_id": null,
    "trip_id": 0,
    "full_res_unavailable": false,
    "last_modified": 1735693261.00,
    "uuid": "00000000-0000-0000-0000-000000000000"
  },
  "planned_steps_visible": true,
  "future_timeline_last_modified": 1735693261.00,
  "creation_time": 1735693261.00,
  "step_count": 1,
  "travel_tracker_device": {
    "id": 0,
    "trip_id": 0,
    "device_name": null,
    "tracking_status": 0,
    "uuid": "00000000-0000-0000-0000-000000000000"
  },
  "uuid": "00000000-0000-0000-0000-000000000000",
  "all_steps": [
    {
      "id": 104653631,
      "trip_id": 0,
      "location_id": 0,
      "main_media_item_path": null,
      "name": null,
      "display_name": "Step name",
      "description": "Lorem ipsum dolor sit amet consectetur adipisicing elit. Provident quaerat est amet, dolores, reiciendis et alias consequatur quos voluptas laboriosam sunt. Autem temporibus atque iusto ea accusamus odit illo consequatur excepturi ullam? Amet, tempora. Natus, consequuntur. Odio eius at incidunt, velit, dolores soluta architecto dicta earum ullam sequi minima iusto.",
      "slug": "step-name",
      "display_slug": "step-name",
      "type": 1,
      "start_time": 1735693269.00,
      "end_time": null,
      "creation_time": 173569329.00,
      "location": {
        "id": 0,
        "name": "London",
        "detail": "United Kingdom",
        "full_detail": "United Kingdom",
        "country_code": "GB",
        "lat": 51.503452,
        "lon": -0.120473,
        "venue": null,
        "uuid": "00000000-0000-0000-0000-000000000000"
      },
      "supertype": "normal",
      "is_deleted": false,
      "open_graph_id": null,
      "fb_publish_status": null,
      "timezone_id": "Europe/London",
      "views": 0,
      "comment_count": 3,
      "weather_condition": "partly-cloudy-day",
      "weather_temperature": 18.0,
      "uuid": "00000000-0000-0000-0000-000000000000"
    }
  ]
}